Regression,Test MSE,Test RMSE,Test MAE,Test R2
Support Vector Machine,1.574256455933558,1.254693769783511,0.8529966121372712,-0.5048856246358269
AdaBoost,1.005375663475928,1.002684229194779,0.9801013945292951,0.03892699463226046
XGBoost,0.8619798244385416,0.9284286857042611,0.8152743280446062,0.17600398484348145
LightGBM,0.939089147305708,0.9690661212248151,0.8358786810312527,0.10229254407356736
RandomForest,1.0441269293506117,1.0218252929687206,0.8943959747301203,0.001883333333333348
DecisionTree,1.7434951314151843,1.320414757345276,0.8351036178619237,-0.6666666666666663
Linear Regression,0.9098589248930234,0.9538652551031637,0.9048876087877715,0.13023471407259168
CatBoost,1.0361626437071576,1.0179207452975687,0.8414400266510131,0.009496666554965283
